,City,Country,Latitude,Longitude,Max Temperature (F),Humidity (%),Cloudiness (%),Wind Speed (mph),Date
0,Keningau,MY,5.3378,116.1602,74.75,98,100,1.9,2021-10-22
1,Mataura,NZ,-46.1927,168.8643,44.64,92,93,1.28,2021-10-22
2,Barguzin,RU,53.6167,109.6167,32.25,74,4,1.68,2021-10-22
3,Port Alfred,ZA,-33.5906,26.891,67.71,80,98,26.62,2021-10-22
4,Busselton,AU,-33.65,115.3333,54.59,72,1,9.64,2021-10-22
5,Rikitea,PF,-23.1203,-134.9692,73.69,79,99,23.85,2021-10-22
6,Shimoda,JP,34.6667,138.95,53.1,84,99,15.41,2021-10-22
7,Saskylakh,RU,71.9167,114.0833,-5.57,100,97,1.43,2021-10-22
8,Lebu,CL,-37.6167,-73.65,49.91,74,43,15.61,2021-10-22
9,Srednekolymsk,RU,67.45,153.6833,-9.53,98,69,4.68,2021-10-22
10,Nanortalik,GL,60.1432,-45.2371,39.04,96,100,1.95,2021-10-22
11,Vaini,TO,-21.2,-175.2,71.76,88,40,9.22,2021-10-22
12,Jinan,CN,36.6683,116.9972,54.9,47,46,4.59,2021-10-22
13,Diamantino,BR,-14.4086,-56.4461,85.35,59,65,5.88,2021-10-22
14,Soyo,AO,-6.1349,12.3689,82.45,73,98,8.5,2021-10-22
15,New Norfolk,AU,-42.7826,147.0587,60.91,65,100,2.26,2021-10-22
16,Torbay,CA,47.6666,-52.7314,45.27,84,40,4.61,2021-10-22
17,La Rioja,ES,42.25,-2.5,55.04,76,75,5.75,2021-10-22
18,Uyuni,BO,-20.4597,-66.825,46.99,11,9,6.62,2021-10-22
19,Kysyl-Syr,RU,63.8986,122.7617,24.33,98,100,2.28,2021-10-22
20,Aniva,RU,46.7144,142.5294,30.31,85,75,5.61,2021-10-22
21,Saldanha,ZA,-33.0117,17.9442,64.45,64,100,23.89,2021-10-22
22,Avarua,CK,-21.2078,-159.775,68.05,64,100,3.44,2021-10-22
23,Thompson,CA,55.7435,-97.8558,26.76,100,75,5.75,2021-10-22
24,Mitsamiouli,KM,-11.3847,43.2844,84.49,65,40,12.66,2021-10-22
25,Nikolskoye,RU,59.7035,30.7861,48.87,63,99,18.79,2021-10-22
26,Atuona,PF,-9.8,-139.0333,77.85,76,34,20.47,2021-10-22
27,Cherskiy,RU,68.75,161.3,-5.48,100,99,3.65,2021-10-22
28,Iqaluit,CA,63.7506,-68.5145,24.53,85,40,13.0,2021-10-22
29,Kahului,US,20.8947,-156.47,76.84,81,1,6.91,2021-10-22
30,Yangi Marg`ilon,UZ,40.4272,71.7189,53.02,37,100,11.5,2021-10-22
31,Lavrentiya,RU,65.5833,-171.0,23.95,84,100,11.12,2021-10-22
32,Fershampenuaz,RU,53.5202,59.8117,42.71,93,100,18.16,2021-10-22
33,Amapá,BR,1.0,-52.0,81.84,74,77,2.55,2021-10-22
34,Bethel,US,41.3712,-73.414,63.18,90,1,6.91,2021-10-22
35,Bluff,NZ,-46.6,168.3333,50.43,86,79,5.35,2021-10-22
36,Macas,EC,-2.3167,-78.1167,68.16,90,35,1.95,2021-10-22
37,Shagonar,RU,51.5333,92.8,41.36,49,19,0.78,2021-10-22
38,Coyhaique,CL,-45.5752,-72.0662,39.81,81,0,4.61,2021-10-22
39,Arrondissement de Lisieux,FR,49.1667,0.1667,58.51,65,50,14.0,2021-10-22
40,Ponta do Sol,PT,32.6667,-17.1,73.13,56,48,6.04,2021-10-22
41,Fortuna,US,40.5982,-124.1573,55.74,76,90,4.0,2021-10-22
42,Khowst,AF,33.3833,69.8833,68.68,31,40,9.48,2021-10-22
43,Belmonte,BR,-15.8631,-38.8828,73.9,83,100,8.57,2021-10-22
44,Punta Arenas,CL,-53.15,-70.9167,44.71,61,90,18.41,2021-10-22
45,Guangyuan,CN,32.442,105.823,56.12,89,100,3.09,2021-10-22
46,Kruisfontein,ZA,-34.0033,24.7314,68.88,73,99,10.0,2021-10-22
47,Hong Kong,HK,22.2855,114.1577,68.32,74,100,7.0,2021-10-22
48,Kabare,CD,-2.4683,28.8242,71.71,77,90,4.21,2021-10-22
49,Kapaa,US,22.0752,-159.319,75.52,91,20,10.36,2021-10-22
50,Hermanus,ZA,-34.4187,19.2345,68.81,62,64,28.79,2021-10-22
51,Grindavik,IS,63.8424,-22.4338,41.47,93,75,19.57,2021-10-22
52,Guantánamo,CU,20.1444,-75.2092,76.57,85,64,1.88,2021-10-22
53,Ushuaia,AR,-54.8,-68.3,42.42,70,75,4.61,2021-10-22
54,Pacific Grove,US,36.6177,-121.9166,62.1,88,75,1.01,2021-10-22
55,Cape Town,ZA,-33.9258,18.4232,68.41,59,75,13.0,2021-10-22
56,Mahébourg,MU,-20.4081,57.7,79.25,78,75,17.27,2021-10-22
57,Kumul,CN,42.8,93.45,62.85,17,0,4.7,2021-10-22
58,Souillac,MU,-20.5167,57.5167,79.36,78,75,17.27,2021-10-22
59,Butaritari,KI,3.0707,172.7902,82.53,77,34,15.61,2021-10-22
60,Ribeira Grande,PT,38.5167,-28.7,70.2,78,20,4.61,2021-10-22
61,Saiha,IN,22.4833,92.9667,70.65,86,55,0.54,2021-10-22
62,Edd,ER,13.9297,41.6925,90.03,57,22,11.43,2021-10-22
63,Mar del Plata,AR,-38.0023,-57.5575,59.02,95,90,5.99,2021-10-22
64,Elizabeth City,US,36.2946,-76.2511,68.02,84,75,3.0,2021-10-22
65,Saint Paul Harbor,US,57.79,-152.4072,39.72,70,100,20.92,2021-10-22
66,Santo Amaro da Imperatriz,BR,-27.6881,-48.7786,75.94,67,13,3.67,2021-10-22
67,Barrow,US,71.2906,-156.7887,28.42,86,90,0.0,2021-10-22
68,East London,ZA,-33.0153,27.9116,81.54,34,0,23.02,2021-10-22
69,Chacabuco,AR,-34.6417,-60.4739,67.84,45,79,2.68,2021-10-22
70,Iroquois Falls,CA,48.7669,-80.6831,28.54,88,100,5.86,2021-10-22
71,Nelson Bay,AU,-32.7167,152.15,66.99,94,6,9.66,2021-10-22
72,Bengkulu,ID,-3.8004,102.2655,79.07,81,99,2.57,2021-10-22
73,Naze,JP,28.3667,129.4833,66.79,56,93,18.14,2021-10-22
74,Hofn,IS,64.2539,-15.2082,35.62,60,90,10.36,2021-10-22
75,Saint George,US,37.1041,-113.5841,64.35,62,1,0.0,2021-10-22
76,Tuktoyaktuk,CA,69.4541,-133.0374,28.53,84,21,7.96,2021-10-22
77,Kenora,CA,49.8167,-94.4337,37.38,93,90,3.44,2021-10-22
78,Waingapu,ID,-9.6567,120.2641,81.25,77,96,2.8,2021-10-22
79,Chute-aux-Outardes,CA,49.1168,-68.399,55.71,93,90,18.41,2021-10-22
80,Okato,NZ,-39.2,173.8833,51.69,86,100,7.54,2021-10-22
81,Clyde River,CA,70.4692,-68.5914,19.83,73,88,4.5,2021-10-22
82,Hilo,US,19.7297,-155.09,73.27,77,20,5.75,2021-10-22
83,Kashgar,CN,39.4547,75.9797,56.26,47,75,13.42,2021-10-22
84,Bambanglipuro,ID,-7.95,110.2833,64.6,85,75,9.17,2021-10-22
85,Albany,US,42.6001,-73.9662,58.95,85,56,9.04,2021-10-22
86,Liepāja,LV,56.5419,21.0367,49.98,66,75,25.32,2021-10-22
87,San Cristobal,VE,7.7669,-72.225,66.38,91,30,2.77,2021-10-22
88,Bredasdorp,ZA,-34.5322,20.0403,74.52,33,20,24.16,2021-10-22
89,Nantucket,US,41.2835,-70.0995,67.01,88,90,17.27,2021-10-22
90,Cap Malheureux,MU,-19.9842,57.6142,79.47,67,29,8.01,2021-10-22
91,Sande,DE,53.5049,8.0142,50.23,76,91,21.9,2021-10-22
92,Pevek,RU,69.7008,170.3133,13.06,93,100,9.86,2021-10-22
93,Athabasca,CA,54.7169,-113.2854,30.02,73,10,10.22,2021-10-22
94,Kudahuvadhoo,MV,2.6708,72.8944,82.65,69,18,10.87,2021-10-22
95,Arraial do Cabo,BR,-22.9661,-42.0278,71.46,68,75,3.44,2021-10-22
96,Khovd,MN,48.0056,91.6419,38.93,42,5,0.85,2021-10-22
97,Norman Wells,CA,65.282,-126.8329,32.04,86,40,4.61,2021-10-22
98,Chokurdakh,RU,70.6333,147.9167,-17.46,100,51,2.1,2021-10-22
99,Cabo San Lucas,MX,22.8909,-109.9124,76.51,82,0,3.0,2021-10-22
100,Grand Gaube,MU,-20.0064,57.6608,79.38,67,31,8.01,2021-10-22
101,Kaitangata,NZ,-46.2817,169.8464,45.93,95,83,3.33,2021-10-22
102,Cayenne,GF,4.9333,-52.3333,84.09,81,20,7.0,2021-10-22
103,Nome,US,64.5011,-165.4064,30.27,70,1,12.66,2021-10-22
104,Yuanping,CN,38.7153,112.7575,47.59,35,99,0.43,2021-10-22
105,Jamestown,US,42.097,-79.2353,51.12,98,90,5.01,2021-10-22
106,San Patricio,US,28.017,-97.5169,75.04,88,3,3.18,2021-10-22
107,Sikasso,ML,10.9167,-7.0,89.83,53,73,0.38,2021-10-22
108,Hoa Binh,VN,20.8133,105.3383,67.89,76,99,3.58,2021-10-22
109,Sioux Lookout,CA,50.1001,-91.917,32.38,100,90,4.61,2021-10-22
110,Olafsvik,IS,64.8945,-23.7142,42.67,93,100,18.92,2021-10-22
111,Sørland,NO,67.667,12.6934,37.47,52,100,15.7,2021-10-22
112,Kimbe,PG,-5.5502,150.1429,75.94,94,100,3.2,2021-10-22
113,Xinzhou,CN,38.4092,112.7333,47.73,37,94,0.89,2021-10-22
114,Ponta Delgada,PT,37.7333,-25.6667,70.52,73,20,5.75,2021-10-22
115,Northam,GB,51.0333,-4.2167,55.56,74,91,15.21,2021-10-22
116,Miura,JP,35.14,139.6192,55.29,86,100,26.66,2021-10-22
117,Grand-Santi,GF,4.25,-54.3833,80.73,76,91,3.49,2021-10-22
118,Port Elizabeth,ZA,-33.918,25.5701,71.1,77,40,18.41,2021-10-22
119,Te Anau,NZ,-45.4167,167.7167,46.45,92,98,0.51,2021-10-22
120,Hobart,AU,-42.8794,147.3294,61.27,88,75,1.01,2021-10-22
121,Buala,SB,-8.145,159.5921,80.87,81,99,7.83,2021-10-22
122,Zlaté Hory,CZ,50.2638,17.396,52.18,46,23,16.58,2021-10-22
123,São João da Barra,BR,-21.6403,-41.0511,69.89,78,82,1.99,2021-10-22
124,Panglao,PH,9.5781,123.7458,81.52,78,100,14.18,2021-10-22
125,Sitka,US,57.0531,-135.33,53.49,62,40,18.41,2021-10-22
126,Eyl,SO,7.9803,49.8164,83.53,64,23,14.83,2021-10-22
127,Quatre Cocos,MU,-20.2078,57.7625,79.09,68,60,10.27,2021-10-22
128,Hasaki,JP,35.7333,140.8333,52.29,88,100,22.32,2021-10-22
129,Ahipara,NZ,-35.1667,173.1667,60.24,94,100,16.98,2021-10-22
130,Flinders,AU,-34.5833,150.8552,66.2,77,2,6.33,2021-10-22
131,Tautira,PF,-17.7333,-149.15,78.82,82,43,16.67,2021-10-22
132,Karratha,AU,-20.7377,116.8463,83.25,39,16,12.19,2021-10-22
133,Ziro,IN,27.6333,93.8333,63.34,95,35,1.99,2021-10-22
134,Dikson,RU,73.5069,80.5464,19.33,77,57,11.07,2021-10-22
135,Acajutla,SV,13.5928,-89.8275,76.66,85,92,5.08,2021-10-22
136,Inuvik,CA,68.3499,-133.7218,34.81,83,1,4.61,2021-10-22
137,San Quintín,MX,30.4833,-115.95,61.99,88,16,11.72,2021-10-22
138,Tirumullaivāsal,IN,11.2333,79.8333,83.8,70,98,8.32,2021-10-22
139,Brae,GB,60.3964,-1.353,44.51,57,77,22.12,2021-10-22
140,Moerai,PF,-22.4333,-151.3333,72.32,73,45,6.87,2021-10-22
141,Richards Bay,ZA,-28.783,32.0377,88.93,38,100,13.98,2021-10-22
142,Saint-Leu,RE,-21.15,55.2833,81.95,83,36,2.3,2021-10-22
143,Watsa,CD,3.0372,29.5355,74.95,72,100,3.83,2021-10-22
144,Berlevåg,NO,70.8578,29.0864,33.75,60,40,14.97,2021-10-22
145,Leningradskiy,RU,69.3833,178.4167,5.09,87,99,7.96,2021-10-22
146,Atar,MR,20.5169,-13.0499,90.18,13,38,13.38,2021-10-22
147,Dingle,PH,10.9995,122.6711,76.06,93,100,8.01,2021-10-22
148,Vangaindrano,MG,-23.35,47.6,73.45,68,87,7.87,2021-10-22
149,Itaituba,BR,-4.2761,-55.9836,78.96,89,40,0.0,2021-10-22
150,Castro,BR,-24.7911,-50.0119,63.07,63,2,4.29,2021-10-22
151,Katsuura,JP,35.1333,140.3,55.42,90,100,21.39,2021-10-22
152,Berdigestyakh,RU,62.0989,126.6992,30.56,91,100,6.87,2021-10-22
153,Socorro,US,31.6546,-106.3033,70.88,41,20,0.0,2021-10-22
154,Shenjiamen,CN,29.9576,122.298,64.6,54,100,18.61,2021-10-22
155,Khorixas,NA,-20.3667,14.9667,86.38,9,25,16.26,2021-10-22
156,Şebinkarahisar,TR,40.2883,38.4236,62.08,21,0,1.95,2021-10-22
157,Gillette,US,44.2911,-105.5022,44.24,78,1,3.44,2021-10-22
158,Puerto Ayora,EC,-0.7393,-90.3518,69.33,88,94,8.14,2021-10-22
159,Qaanaaq,GL,77.484,-69.3632,-2.47,71,0,8.99,2021-10-22
160,Antofagasta,CL,-23.65,-70.4,58.28,70,57,5.12,2021-10-22
161,Havelock,US,34.8791,-76.9013,71.94,89,90,1.01,2021-10-22
162,Coquimbo,CL,-29.9533,-71.3436,51.53,87,20,2.3,2021-10-22
163,Upernavik,GL,72.7868,-56.1549,18.84,91,100,10.04,2021-10-22
164,Safi,MA,32.2994,-9.2372,71.44,62,10,17.34,2021-10-22
165,Ostrovnoy,RU,68.0531,39.5131,35.67,77,100,26.17,2021-10-22
166,Pec,XK,42.6591,20.2883,64.69,61,60,5.3,2021-10-22
167,Guerrero Negro,MX,27.9769,-114.0611,65.34,84,0,8.63,2021-10-22
168,Naryan-Mar,RU,67.6713,53.087,30.27,91,90,5.88,2021-10-22
169,Biltine,TD,14.5333,20.9167,97.47,14,70,15.48,2021-10-22
170,Provideniya,RU,64.3833,-173.3,25.23,70,100,12.88,2021-10-22
171,Severo-Kuril'sk,RU,50.6789,156.125,38.48,75,72,8.72,2021-10-22
172,Ginir,ET,7.1333,40.7,75.87,24,87,11.81,2021-10-22
173,Skjervøy,NO,70.0311,20.9714,33.98,56,89,9.46,2021-10-22
174,Port Hedland,AU,-20.3167,118.5667,80.65,50,6,8.05,2021-10-22
175,Portland,US,45.5234,-122.6762,54.84,92,100,1.99,2021-10-22
176,Wakefield,GB,53.6809,-1.499,56.25,63,54,11.92,2021-10-22
177,Yellowknife,CA,62.456,-114.3525,39.72,85,1,16.11,2021-10-22
178,Manchester,GB,53.4809,-2.2374,56.32,82,75,3.0,2021-10-22
179,Ocós,GT,14.5094,-92.1933,78.01,82,100,4.32,2021-10-22
180,Makkah al Mukarramah,SA,21.4267,39.8261,101.08,16,5,14.72,2021-10-22
181,Banjar,ID,-8.19,114.9675,82.26,91,65,6.42,2021-10-22
182,George Town,MY,5.4112,100.3354,84.15,80,20,1.01,2021-10-22
183,Nuevo Progreso,MX,23.1667,-97.95,74.59,84,10,2.98,2021-10-22
184,Longyearbyen,SJ,78.2186,15.6401,19.24,86,75,11.5,2021-10-22
185,Kavieng,PG,-2.5744,150.7967,81.3,76,100,10.65,2021-10-22
186,Chui,UY,-33.6971,-53.4616,64.58,64,9,2.3,2021-10-22
187,Ketchikan,US,55.3422,-131.6461,50.47,87,90,12.66,2021-10-22
188,Mirabela,BR,-16.2628,-44.1644,71.85,71,69,6.71,2021-10-22
189,Skibbereen,IE,51.55,-9.2667,51.6,71,100,9.51,2021-10-22
190,Saint-Louis,SN,16.3333,-15.0,94.64,9,100,13.85,2021-10-22
191,Chicama,PE,-7.8447,-79.1469,57.74,87,87,4.94,2021-10-22
192,Tortolì,IT,39.9256,9.6572,77.99,69,0,2.3,2021-10-22
193,Pontes e Lacerda,BR,-15.2261,-59.3353,87.04,55,72,4.9,2021-10-22
194,Jalu,LY,29.0331,21.5482,83.26,25,8,4.18,2021-10-22
195,Zhaoyuan,CN,37.3592,120.3964,49.77,63,3,2.91,2021-10-22
196,Husavik,IS,66.0449,-17.3389,30.11,67,100,11.05,2021-10-22
197,São Fidélis,BR,-21.6461,-41.7469,69.75,82,86,1.54,2021-10-22
198,Wendo,ET,6.6,38.4167,69.42,62,97,2.46,2021-10-22
199,Verkhoyansk,RU,67.5447,133.385,9.34,97,96,2.44,2021-10-22
200,Nouadhibou,MR,20.931,-17.0347,78.78,61,2,12.66,2021-10-22
201,Abomsa,ET,9.9833,39.9833,85.28,21,100,12.88,2021-10-22
202,Alofi,NU,-19.0595,-169.9187,69.69,78,69,5.75,2021-10-22
203,Biak,ID,-0.9131,122.8766,79.09,78,96,2.15,2021-10-22
204,Bambous Virieux,MU,-20.3428,57.7575,79.21,78,75,17.27,2021-10-22
205,Port Augusta,AU,-32.5,137.7667,67.71,82,84,18.86,2021-10-22
206,Laas,IT,46.6166,10.7002,60.03,56,31,2.57,2021-10-22
207,Saint-Joseph,RE,-21.3667,55.6167,81.46,74,51,2.26,2021-10-22
208,Nouakchott,MR,18.0858,-15.9785,93.13,24,66,13.53,2021-10-22
209,Telimele,GN,10.9167,-13.3333,85.73,54,54,2.04,2021-10-22
210,Port Hardy,CA,50.6996,-127.4199,51.8,87,75,9.22,2021-10-22
211,Alice Springs,AU,-23.7,133.8833,87.35,20,26,8.05,2021-10-22
212,Katastari,GR,37.8333,20.7667,75.11,73,40,9.22,2021-10-22
213,Bedēsa,ET,8.9,40.7833,75.74,38,92,8.59,2021-10-22
214,Pisco,PE,-13.7,-76.2167,59.05,88,90,2.3,2021-10-22
215,Noumea,NC,-22.2763,166.4572,77.0,99,63,2.82,2021-10-22
216,Ngunguru,NZ,-35.6167,174.5,59.16,85,100,25.34,2021-10-22
217,Minot,US,48.2325,-101.2963,38.39,80,90,6.91,2021-10-22
218,Carei,RO,47.6833,22.4667,66.02,45,52,14.92,2021-10-22
219,Huilong,CN,31.8111,121.655,62.92,56,79,9.53,2021-10-22
220,Zyryanka,RU,65.75,150.85,-5.31,94,25,1.54,2021-10-22
221,Saint-Philippe,RE,-21.3585,55.7679,82.47,79,60,7.65,2021-10-22
222,Ambilobe,MG,-13.2,49.05,87.89,49,85,11.56,2021-10-22
223,Sigli,ID,5.3848,95.9609,77.77,85,100,5.73,2021-10-22
224,Whitehorse,CA,60.7161,-135.0538,37.02,93,90,15.01,2021-10-22
225,Yerköy,TR,39.6381,34.4672,68.34,15,0,3.36,2021-10-22
226,Tura,IN,25.5198,90.2201,67.71,77,1,2.33,2021-10-22
227,Hithadhoo,MV,-0.6,73.0833,82.72,73,64,11.59,2021-10-22
228,Saint Anthony,US,45.0205,-93.218,36.3,86,1,0.0,2021-10-22
229,Tevriz,RU,57.509,72.4042,36.52,74,93,11.59,2021-10-22
230,Port Lincoln,AU,-34.7333,135.8667,55.94,76,3,9.95,2021-10-22
231,Ossora,RU,59.2353,163.0719,18.95,71,51,4.56,2021-10-22
232,Korla,CN,41.7597,86.1469,60.85,24,67,17.27,2021-10-22
233,Forsytheganj,BY,52.6333,29.7333,53.37,52,24,18.52,2021-10-22
234,Yerbogachën,RU,61.2767,108.0108,34.48,84,100,7.23,2021-10-22
235,El Copey,CO,10.1503,-73.9614,74.77,91,4,3.49,2021-10-22
236,Hinton,CA,53.4001,-117.5857,36.1,68,100,4.83,2021-10-22
237,Christchurch,NZ,-43.5333,172.6333,52.92,74,73,1.01,2021-10-22
238,Castro Urdiales,ES,43.3829,-3.2204,60.12,85,97,5.79,2021-10-22
239,Faanui,PF,-16.4833,-151.75,78.13,80,16,8.97,2021-10-22
240,São José da Coroa Grande,BR,-8.8978,-35.1478,82.31,71,56,9.13,2021-10-22
241,Bosaso,SO,11.2842,49.1816,85.98,62,0,11.5,2021-10-22
242,Nemuro,JP,43.3236,145.575,48.7,70,98,9.75,2021-10-22
243,Maţāy,EG,28.419,30.7792,82.8,32,0,15.26,2021-10-22
244,Pishin,PK,30.5803,66.9961,64.47,23,0,16.51,2021-10-22
245,Ibrā’,OM,22.6906,58.5334,94.48,21,6,11.92,2021-10-22
246,Rock Sound,BS,24.9,-76.2,81.81,72,100,17.09,2021-10-22
247,Porto-Novo,BJ,6.4965,2.6036,84.02,60,73,7.65,2021-10-22
248,Sinnamary,GF,5.3833,-52.95,80.55,85,100,9.93,2021-10-22
249,Minggang,CN,32.4586,114.0486,57.52,61,99,6.06,2021-10-22
250,Pokosnoye,RU,55.5258,101.0536,37.83,68,75,4.76,2021-10-22
251,Krasnoarmeysk,RU,51.0239,45.6969,62.15,51,63,21.03,2021-10-22
252,Lata,PT,40.1629,-8.3327,67.35,37,0,8.34,2021-10-22
253,Havøysund,NO,70.9963,24.6622,32.88,64,100,18.79,2021-10-22
254,Geraldton,AU,-28.7667,114.6,65.12,77,0,14.97,2021-10-22
255,Tsabong,BW,-26.0217,22.401,81.54,11,1,14.94,2021-10-22
256,Menongue,AO,-14.6585,17.691,86.76,31,73,1.28,2021-10-22
257,Khatanga,RU,71.9667,102.5,9.28,93,100,8.05,2021-10-22
258,Weymouth,US,42.2209,-70.9398,66.2,92,40,4.0,2021-10-22
259,Canutama,BR,-6.5339,-64.3831,79.59,81,99,3.22,2021-10-22
260,Laguna,US,38.421,-121.4238,65.61,88,20,1.01,2021-10-22
261,Mangan,IN,27.5167,88.5333,68.58,98,94,2.28,2021-10-22
262,Fort Nelson,CA,58.8053,-122.7002,38.79,81,75,9.22,2021-10-22
263,Rawson,AR,-43.3002,-65.1023,54.01,41,74,4.12,2021-10-22
264,Deep River,CA,46.1001,-77.4995,35.35,88,37,7.56,2021-10-22
265,Kelowna,CA,49.8831,-119.4857,53.28,91,90,1.01,2021-10-22
266,Tiksi,RU,71.6872,128.8694,4.62,98,100,3.4,2021-10-22
267,Deer Lake,CA,49.1667,-57.4316,30.06,100,20,0.0,2021-10-22
268,Ancud,CL,-41.8697,-73.8203,49.42,76,75,6.02,2021-10-22
269,Sobolevo,RU,54.4299,31.8996,49.93,57,44,19.1,2021-10-22
270,Larreynaga,NI,12.6769,-86.5719,72.1,94,93,1.63,2021-10-22
271,Itarema,BR,-2.9248,-39.9167,86.74,57,100,12.86,2021-10-22
272,Necochea,AR,-38.5473,-58.7368,54.03,87,100,9.78,2021-10-22
273,Malanje,AO,-9.5402,16.341,70.23,77,100,1.66,2021-10-22
274,Afareaitu,PF,-17.55,-149.7833,78.82,78,75,13.8,2021-10-22
275,Rodrigues Alves,BR,-7.738,-72.6509,77.86,76,84,3.58,2021-10-22
276,Cockburn Town,TC,21.4612,-71.1419,83.32,74,11,18.03,2021-10-22
277,Kollam,IN,8.8833,76.6,85.87,79,94,6.08,2021-10-22
278,Deputatsky,RU,69.3,139.9,-7.15,99,100,1.14,2021-10-22
279,Palu,ID,-0.8917,119.8707,77.05,95,93,0.25,2021-10-22
280,Hendrina,ZA,-26.1588,29.7153,74.28,32,88,16.44,2021-10-22
281,Quilpué,CL,-33.045,-71.4494,57.13,81,90,2.3,2021-10-22
282,Los Llanos de Aridane,ES,28.6585,-17.9182,72.12,72,75,7.0,2021-10-22
283,Ternate,ID,0.8,127.4,82.38,73,89,1.32,2021-10-22
284,Kulhudhuffushi,MV,6.6221,73.07,81.7,77,71,8.63,2021-10-22
285,Santa Fe,AR,-31.6333,-60.7,72.91,54,0,5.99,2021-10-22
286,Samarai,PG,-10.6167,150.6667,81.37,77,91,12.8,2021-10-22
287,Narsaq,GL,60.9167,-46.05,32.22,90,100,2.33,2021-10-22
288,Labuan,MY,5.2767,115.2417,82.56,83,20,0.0,2021-10-22
289,Shelburne,CA,44.0787,-80.2041,38.75,96,97,12.26,2021-10-22
290,Playas,EC,-2.6333,-80.3833,71.13,86,100,8.95,2021-10-22
291,Viedma,AR,-40.8135,-62.9967,57.94,48,41,13.44,2021-10-22
292,Lagoa,PT,39.05,-27.9833,67.68,70,75,6.8,2021-10-22
293,Springville,US,40.1652,-111.6107,55.81,67,1,0.0,2021-10-22
294,Batticaloa,LK,7.7102,81.6924,82.96,76,43,8.81,2021-10-22
295,Yumen,CN,40.2833,97.2,50.61,22,52,15.68,2021-10-22
296,Mount Gambier,AU,-37.8333,140.7667,51.71,93,90,6.91,2021-10-22
297,Maltahöhe,NA,-24.8333,16.9833,80.96,5,2,19.1,2021-10-22
298,Touros,BR,-5.1989,-35.4608,85.1,68,97,12.41,2021-10-22
299,Pitimbu,BR,-7.4706,-34.8086,82.99,67,96,10.38,2021-10-22
300,Beringovskiy,RU,63.05,179.3167,18.84,88,100,14.99,2021-10-22
301,Kununurra,AU,-15.7667,128.7333,87.78,62,14,8.05,2021-10-22
302,Caconda,AO,-13.7333,15.0667,87.53,19,28,4.18,2021-10-22
303,Chardara,KZ,41.2547,67.9692,50.86,33,76,2.21,2021-10-22
304,Tazmalt,DZ,36.3868,4.3989,79.5,24,19,4.94,2021-10-22
305,Carpinteria,US,34.3989,-119.5185,62.6,36,72,3.0,2021-10-22
306,Casa Branca,BR,-21.7739,-47.0864,63.93,57,0,1.34,2021-10-22
307,Warmbad,NA,-28.45,18.7333,71.24,27,29,12.48,2021-10-22
308,Sabha,LY,27.0377,14.4283,87.62,18,95,15.88,2021-10-22
309,Boké,GN,10.9409,-14.2967,89.13,48,35,3.91,2021-10-22
310,Lüderitz,NA,-26.6481,15.1594,63.97,66,21,14.92,2021-10-22
311,Hastings,GB,50.8552,0.5729,56.19,67,20,17.49,2021-10-22
312,Yulara,AU,-25.2406,130.9889,85.84,11,0,8.05,2021-10-22
313,Namatanai,PG,-3.6667,152.4333,77.45,85,100,4.94,2021-10-22
314,Tsimmerbude,RU,54.675,20.1347,48.25,81,100,27.25,2021-10-22
315,Khāsh,IR,28.2211,61.2158,68.18,22,0,9.8,2021-10-22
316,Paita,PE,-5.0892,-81.1144,64.85,87,97,11.05,2021-10-22
317,Carnarvon,AU,-24.8667,113.6333,71.67,83,6,17.27,2021-10-22
318,Plavsk,RU,53.7094,37.2919,54.14,61,39,21.41,2021-10-22
319,Okhotsk,RU,59.3833,143.3,19.99,94,100,7.18,2021-10-22
320,Rio Grande,BR,-32.035,-52.0986,60.94,73,0,5.73,2021-10-22
321,Half Moon Bay,US,37.4636,-122.4286,65.41,89,90,5.99,2021-10-22
322,Mithi,PK,24.7318,69.7981,84.88,52,4,18.86,2021-10-22
323,Cururupu,BR,-1.8283,-44.8683,85.8,64,94,4.99,2021-10-22
324,Bhādāsar,IN,28.2833,74.3167,87.75,26,0,14.29,2021-10-22
325,Bowen,AU,-20.0167,148.2333,75.42,84,2,11.32,2021-10-22
326,Vagay,RU,57.9375,69.0217,35.02,92,100,10.0,2021-10-22
327,Toba,JP,34.4833,136.85,64.4,62,4,16.51,2021-10-22
328,Barra do Garças,BR,-15.89,-52.2567,87.17,44,50,6.26,2021-10-22
329,Caravelas,BR,-17.7125,-39.2481,75.79,81,100,7.2,2021-10-22
330,Kharitonovo,RU,61.4009,47.4978,49.37,86,100,12.97,2021-10-22
331,Airai,TL,-8.9266,125.4092,65.21,84,90,0.89,2021-10-22
332,Mbamba,NG,9.9833,13.1,88.05,48,95,2.84,2021-10-22
333,Hualmay,PE,-11.0964,-77.6139,62.65,85,69,7.83,2021-10-22
334,Yanam,IN,16.7333,82.2167,93.6,72,53,3.4,2021-10-22
335,Sīwah,EG,29.2041,25.5195,79.84,30,0,8.1,2021-10-22
336,Yatou,CN,37.15,122.3833,51.3,55,2,6.13,2021-10-22
337,Codrington,AU,-38.2667,141.9667,54.0,91,94,10.85,2021-10-22
338,Ikwiriri,TZ,-7.9562,38.9716,89.13,43,93,9.62,2021-10-22
339,Monteagudo,BO,-19.8167,-63.9833,62.38,40,17,2.01,2021-10-22
340,Hobyo,SO,5.3505,48.5268,82.49,67,26,14.0,2021-10-22
341,Ramnagar,IN,29.4,79.1167,71.89,73,0,1.59,2021-10-22
342,Paramonga,PE,-10.6667,-77.8333,62.65,87,99,7.14,2021-10-22
343,Robertson,US,36.5167,-86.8667,50.9,96,90,0.0,2021-10-22
344,Vila Velha,BR,-20.3297,-40.2925,73.35,68,75,6.91,2021-10-22
345,Neuquén,AR,-38.9516,-68.0591,49.89,57,0,4.61,2021-10-22
346,Tuatapere,NZ,-46.1333,167.6833,47.05,84,86,2.95,2021-10-22
347,Bilma,NE,18.6853,12.9164,99.57,9,17,16.91,2021-10-22
348,Pangody,RU,65.85,74.4859,28.4,97,98,9.17,2021-10-22
349,Otofuke,JP,42.9917,143.2003,40.15,94,48,2.64,2021-10-22
350,Zeya,RU,53.75,127.2667,35.01,83,87,2.37,2021-10-22
351,Mossamedes,AO,-15.1961,12.1522,79.43,61,0,11.5,2021-10-22
352,Sangmélima,CM,2.9333,11.9833,84.96,49,49,4.81,2021-10-22
353,Clarence Town,AU,-32.5833,151.7833,66.85,97,2,2.71,2021-10-22
354,Batagay-Alyta,RU,67.8006,130.4114,9.25,96,98,1.7,2021-10-22
355,Arawa,PG,-6.2132,155.5367,75.85,90,100,1.79,2021-10-22
356,Jizan,SA,17.3333,42.6667,94.14,38,86,19.13,2021-10-22
357,Thinadhoo,MV,0.5333,72.9333,83.19,70,27,11.48,2021-10-22
358,Ilulissat,GL,69.2167,-51.1,4.1,77,12,6.04,2021-10-22
359,Urucará,BR,-2.5364,-57.76,82.0,69,98,2.37,2021-10-22
360,Harare,ZW,-17.8294,31.0539,81.82,38,18,2.51,2021-10-22
361,Ust-Kuyga,RU,70.0167,135.6,2.71,97,96,4.45,2021-10-22
362,Tanza,PH,14.6753,120.9389,87.85,64,72,6.42,2021-10-22
363,Akdepe,TM,42.0551,59.3788,55.49,24,25,7.0,2021-10-22
364,Burns Lake,CA,54.2331,-125.7533,36.82,93,100,3.91,2021-10-22
365,Kokopo,PG,-4.352,152.2633,75.83,90,100,5.77,2021-10-22
366,Xining,CN,36.6167,101.7667,47.62,61,30,1.68,2021-10-22
367,Comodoro Rivadavia,AR,-45.8667,-67.5,53.46,37,0,9.22,2021-10-22
368,Parnamirim,BR,-5.9156,-35.2628,84.54,74,75,11.5,2021-10-22
369,Galle,LK,6.0367,80.217,80.49,83,92,8.01,2021-10-22
370,Port Moresby,PG,-9.4431,147.1797,80.02,83,40,11.5,2021-10-22
371,Boa Vista,BR,2.8197,-60.6733,73.38,94,90,4.61,2021-10-22
372,La Cumbre,AR,-30.982,-64.4914,69.46,44,0,7.0,2021-10-22
373,Mitchell,US,43.7094,-98.0298,38.73,87,1,5.01,2021-10-22
374,Aklavik,CA,68.2191,-135.0107,32.83,89,27,2.21,2021-10-22
375,Valleyview,CA,55.0667,-117.2859,41.04,65,94,10.36,2021-10-22
376,Bukachacha,RU,52.9833,116.9167,30.87,88,21,1.86,2021-10-22
377,Vanderhoof,CA,54.0166,-124.0198,49.28,62,100,10.76,2021-10-22
378,Oktyabr'skoye,RU,43.0645,44.7417,69.94,26,0,4.47,2021-10-22
379,Taltal,CL,-25.4,-70.4833,59.32,69,0,3.4,2021-10-22
380,Dolinsk,RU,47.35,142.8,30.06,87,75,3.78,2021-10-22
381,Charters Towers,AU,-20.1,146.2667,76.78,61,65,10.6,2021-10-22
382,Hermosillo,MX,29.0667,-110.9667,72.84,44,0,4.0,2021-10-22
383,Pangnirtung,CA,66.1451,-65.7125,28.4,74,75,3.44,2021-10-22
384,Hambantota,LK,6.1241,81.1185,84.54,84,40,8.05,2021-10-22
385,Coahuayana Viejo,MX,18.7333,-103.6833,77.05,90,99,3.31,2021-10-22
386,Nicoya,CR,10.1483,-85.452,73.24,95,97,1.05,2021-10-22
387,Utete,TZ,-7.986,38.758,91.81,38,85,5.93,2021-10-22
388,Santiago del Estero,AR,-27.7951,-64.2615,73.8,31,0,15.66,2021-10-22
389,San Ramon,US,37.7799,-121.978,63.95,81,90,1.99,2021-10-22
390,Hervey Bay,AU,-25.2986,152.8535,77.04,85,67,11.61,2021-10-22
391,Kota Belud,MY,6.351,116.4305,77.76,87,98,3.2,2021-10-22
392,Qaqortoq,GL,60.7167,-46.0333,32.5,94,100,8.59,2021-10-22
393,Kandrian,PG,-6.2167,149.55,77.25,90,84,7.02,2021-10-22
394,Zhigansk,RU,66.7697,123.3711,8.8,99,99,3.11,2021-10-22
395,Emirdağ,TR,39.0197,31.15,68.34,25,1,1.1,2021-10-22
396,Aripuanã,BR,-9.1667,-60.6333,79.81,81,90,2.82,2021-10-22
397,Koslan,RU,63.4564,48.8989,38.52,99,100,5.03,2021-10-22
398,Bam,IR,29.106,58.357,70.93,21,1,17.78,2021-10-22
399,Raudeberg,NO,61.9875,5.1352,45.19,81,100,7.0,2021-10-22
400,Russell,US,32.3502,-85.1999,65.97,89,20,3.44,2021-10-22
401,Bayir,TR,37.2687,28.2167,68.52,37,0,7.45,2021-10-22
402,Maués,BR,-3.3836,-57.7186,79.79,80,86,2.21,2021-10-22
403,Den Helder,NL,52.9599,4.7593,53.98,77,75,18.01,2021-10-22
404,Zambezi,ZM,-13.5432,23.1047,90.39,28,83,4.38,2021-10-22
405,Yar-Sale,RU,66.8333,70.8333,28.65,85,100,7.02,2021-10-22
406,Topeka,US,39.0483,-95.678,42.26,94,40,0.0,2021-10-22
407,Aztec,US,36.8222,-107.9929,47.3,37,52,6.67,2021-10-22
408,Meulaboh,ID,4.1363,96.1285,78.04,88,100,6.15,2021-10-22
409,Corinth,GR,37.9407,22.9573,78.84,65,1,1.01,2021-10-22
410,Sanmenxia,CN,34.7747,111.1814,53.87,62,98,8.48,2021-10-22
411,Gimli,CA,50.6336,-96.9907,35.62,80,98,9.22,2021-10-22
412,Shenzhen,CN,22.5455,114.0683,68.22,77,100,11.12,2021-10-22
413,Sīta Road,PK,27.0333,67.85,98.1,21,0,7.09,2021-10-22
414,Shāhgarh,IN,24.3167,79.1333,78.39,47,0,2.71,2021-10-22
415,La Palma,US,33.8464,-118.0467,63.34,93,90,3.0,2021-10-22
416,Fuerte Olimpo,PY,-21.0415,-57.8738,85.35,40,13,8.68,2021-10-22
417,Kota Kinabalu,MY,5.9749,116.0724,77.88,100,40,9.22,2021-10-22
418,Sijunjung,ID,-0.6876,100.9537,74.57,95,100,1.3,2021-10-22
419,Forio,IT,40.7342,13.8646,71.26,79,96,16.53,2021-10-22
420,Córdoba,AR,-31.4135,-64.1811,77.41,42,0,8.01,2021-10-22
421,Santa Marinella,IT,42.0345,11.8536,76.28,88,95,14.63,2021-10-22
422,Kangaba,ML,11.9333,-8.4167,89.11,53,62,3.51,2021-10-22
423,Novodugino,RU,55.6305,34.2842,47.73,65,54,21.25,2021-10-22
424,Tibiri,NE,13.5627,7.0485,93.54,49,0,2.3,2021-10-22
425,Arteaga,MX,18.4667,-102.4167,62.94,96,99,1.81,2021-10-22
426,Margate,GB,51.3813,1.3862,56.91,59,51,4.0,2021-10-22
427,Gomel,BY,52.4345,30.9754,55.38,44,0,26.84,2021-10-22
428,Baisha,CN,26.5222,110.9311,49.91,97,100,2.26,2021-10-22
429,Porto de Moz,BR,-1.7483,-52.2383,81.95,74,66,3.31,2021-10-22
430,Vardø,NO,70.3705,31.1107,33.78,75,75,13.8,2021-10-22
431,Kuybyshevo,RU,47.8123,38.9073,66.65,45,9,18.43,2021-10-22
432,Sirte,LY,31.2089,16.5887,82.9,36,98,13.65,2021-10-22
433,Andalucía,CO,4.1706,-76.1664,50.49,95,97,1.16,2021-10-22
434,Broome,US,42.2506,-75.833,55.85,79,90,1.01,2021-10-22
435,Shingū,JP,33.7333,135.9833,54.81,77,23,7.85,2021-10-22
436,Cidreira,BR,-30.1811,-50.2056,67.95,68,2,4.38,2021-10-22
437,Dubti,ET,11.7361,41.0853,98.73,20,67,7.05,2021-10-22
438,Matara,LK,5.9485,80.5353,80.46,83,79,8.81,2021-10-22
439,Milton,US,34.1322,-84.3007,63.07,96,11,5.46,2021-10-22
440,Kavaratti,IN,10.5669,72.642,82.62,75,40,2.35,2021-10-22
441,Swan Hill,AU,-35.3378,143.5544,65.44,69,98,13.27,2021-10-22
442,Praia da Vitória,PT,38.7333,-27.0667,71.85,78,20,12.24,2021-10-22
443,Hopkinton,US,41.4612,-71.7776,66.51,83,20,5.01,2021-10-22
444,Lodja,CD,-3.4833,23.4333,85.57,52,99,3.24,2021-10-22
445,Chernyshevskiy,RU,63.0128,112.4714,33.6,86,100,9.51,2021-10-22
446,Talnakh,RU,69.4865,88.3972,15.55,96,100,3.89,2021-10-22
447,Salalah,OM,17.0151,54.0924,81.01,61,48,6.76,2021-10-22
448,Mathbaria,BD,22.2876,89.9593,78.01,76,59,2.91,2021-10-22
449,Kapustin Yar,RU,48.5831,45.7372,66.13,28,70,18.3,2021-10-22
450,Yondó,CO,7.0062,-73.9097,71.91,99,95,0.43,2021-10-22
451,Wenatchee,US,47.4235,-120.3103,55.8,92,90,3.44,2021-10-22
452,Egvekinot,RU,66.3167,-179.1667,11.48,89,90,5.88,2021-10-22
453,Sidi Ali,DZ,36.0998,0.4206,72.37,52,33,14.27,2021-10-22
454,Kayamkulam,IN,9.1833,76.5,81.88,78,99,5.68,2021-10-22
455,La Asuncion,VE,11.0333,-63.8628,87.53,70,63,6.91,2021-10-22
456,San Angelo,US,31.4638,-100.437,64.54,94,1,3.0,2021-10-22
457,Kieta,PG,-6.2167,155.6333,77.65,84,100,2.28,2021-10-22
458,Honningsvåg,NO,70.9821,25.9704,35.56,62,100,20.6,2021-10-22
459,Robertsport,LR,6.7533,-11.3686,81.09,77,99,6.31,2021-10-22
460,Vallenar,CL,-28.5708,-70.7581,62.24,44,0,2.55,2021-10-22
461,Bandrele,YT,-12.9067,45.1914,83.95,65,90,8.05,2021-10-22
462,Zaranj,AF,30.9667,61.8833,69.76,18,0,28.7,2021-10-22
463,Dwārka,IN,22.2394,68.9678,81.36,59,2,14.65,2021-10-22
464,Cam Ranh,VN,11.9214,109.1591,82.36,78,20,9.22,2021-10-22
465,Abu Samrah,SY,35.3029,37.1841,77.67,27,0,1.72,2021-10-22
466,Damietta,EG,31.4165,31.8133,78.69,62,22,13.58,2021-10-22
467,Iporá,BR,-16.4419,-51.1178,83.95,42,13,6.35,2021-10-22
468,Nikolayevsk-on-Amur,RU,53.1406,140.73,28.18,89,42,5.41,2021-10-22
469,Pangkalanbuun,ID,-2.6833,111.6167,74.75,94,100,2.64,2021-10-22
470,Muhafazat Lahij,YE,13.1667,44.5833,87.15,50,56,15.52,2021-10-22
471,Simao,CN,22.7886,100.9748,61.77,99,92,3.36,2021-10-22
472,Saint-Ambroise,CA,48.5501,-71.3324,54.14,100,100,8.05,2021-10-22
473,Sarny,UA,51.338,26.6019,54.57,40,34,18.77,2021-10-22
474,Carauari,BR,-4.8828,-66.8958,75.2,94,100,2.62,2021-10-22
475,Babu,CN,24.4167,111.5167,56.75,82,100,5.61,2021-10-22
476,Kemijärvi,FI,66.7131,27.4306,30.63,78,100,17.18,2021-10-22
477,Aparan,AM,40.5932,44.3589,54.68,29,0,2.1,2021-10-22
478,Djibouti,DJ,11.5,42.5,87.22,33,83,15.68,2021-10-22
479,Mayna,RU,54.1135,47.6231,52.74,66,100,19.35,2021-10-22
480,Mayo,US,38.8876,-76.5119,63.16,82,50,1.01,2021-10-22
481,Canals,ES,38.9625,-0.5844,65.8,92,100,1.01,2021-10-22
482,Talaya,RU,61.3833,152.75,-10.46,85,44,1.39,2021-10-22
483,Nishihara,JP,26.1842,127.7558,72.68,62,90,10.36,2021-10-22
484,Wagar,SD,16.1525,36.2032,101.19,13,29,13.44,2021-10-22
485,Nadym,RU,65.5333,72.5167,29.93,98,100,6.24,2021-10-22
486,Nortelândia,BR,-14.4547,-56.8028,87.4,54,67,5.39,2021-10-22
487,Balyqshy,KZ,47.0667,51.8667,59.0,67,0,22.37,2021-10-22
488,Saint-Pierre,RE,-21.3393,55.4781,82.56,71,75,10.36,2021-10-22
489,Kutum,SD,14.2,24.6667,88.83,15,77,13.58,2021-10-22
490,Santa Cruz de la Sierra,BO,-17.8,-63.1667,78.85,69,20,10.36,2021-10-22
491,Akdağmadeni,TR,39.6603,35.8836,63.43,17,0,6.87,2021-10-22
492,Morón,AR,-34.6534,-58.6198,71.02,64,35,3.02,2021-10-22
493,Rincon,US,32.296,-81.2354,71.46,99,40,6.91,2021-10-22
494,Evensk,RU,61.95,159.2333,4.87,76,12,7.9,2021-10-22
495,Abadan,TM,38.0507,58.2056,60.53,48,75,11.5,2021-10-22
496,Klaksvík,FO,62.2266,-6.589,43.72,57,94,12.1,2021-10-22
497,Sola,VU,-13.8833,167.55,80.83,75,54,5.93,2021-10-22
498,Umm Kaddadah,SD,13.6017,26.6876,94.26,15,88,14.32,2021-10-22
499,Valparaíso,CL,-33.0393,-71.6273,58.48,80,90,2.3,2021-10-22
500,Faya,SA,18.3851,42.4509,77.52,14,23,10.69,2021-10-22
501,Westport,US,41.1415,-73.3579,64.44,85,75,5.01,2021-10-22
502,Brookhaven,US,31.5791,-90.4407,62.26,89,33,4.47,2021-10-22
503,Lompoc,US,34.6391,-120.4579,60.1,92,90,3.44,2021-10-22
504,Moussoro,TD,13.6408,16.4901,99.36,20,43,7.27,2021-10-22
505,Katherine,AU,-14.4667,132.2667,89.92,48,57,8.05,2021-10-22
506,Havre-St-Pierre,CA,50.2334,-63.5986,45.19,87,90,13.8,2021-10-22
507,Butte,US,39.6499,-121.5677,63.95,88,90,20.71,2021-10-22
508,Mildura,AU,-34.2,142.15,73.36,33,7,10.36,2021-10-22
509,Asău,RO,46.4333,26.4,65.32,53,99,8.63,2021-10-22
510,Hukuntsi,BW,-24.0,21.75,84.04,8,0,16.42,2021-10-22
511,Luanda,AO,-8.8368,13.2343,78.8,83,75,5.75,2021-10-22
512,Montmagny,FR,48.9734,2.3469,58.6,67,0,9.22,2021-10-22
513,General Pico,AR,-35.6566,-63.7568,59.27,83,100,12.68,2021-10-22
514,Horadiz,AZ,39.4488,47.3353,66.97,45,0,6.55,2021-10-22
515,Qingquan,CN,30.4511,115.2559,58.26,59,100,1.05,2021-10-22
516,Temir,KZ,49.1414,57.13,54.68,41,99,21.03,2021-10-22
517,Nyzhni Sirohozy,UA,46.8484,34.3804,71.98,34,9,12.44,2021-10-22
518,Port Dover,CA,42.7834,-80.1997,44.2,90,97,12.06,2021-10-22
519,Paamiut,GL,61.994,-49.6678,36.77,78,93,17.18,2021-10-22
520,Mogadishu,SO,2.0371,45.3438,85.87,94,40,14.97,2021-10-22
521,Labuhan,ID,-6.8844,112.2051,83.97,73,81,4.85,2021-10-22
522,Pemangkat,ID,1.1667,108.9667,77.86,83,100,2.89,2021-10-22
523,Snezhnogorsk,RU,69.1933,33.2531,31.78,62,98,21.81,2021-10-22
524,Esperance,AU,-33.8667,121.9,53.44,65,25,9.31,2021-10-22
525,Kawalu,ID,-7.3817,108.2082,73.98,96,100,2.62,2021-10-22
526,São Filipe,CV,14.8961,-24.4956,83.5,58,0,5.82,2021-10-22
527,Vila Franca do Campo,PT,37.7167,-25.4333,70.21,63,69,5.59,2021-10-22
528,Mbanza-Ngungu,CD,-5.25,14.8667,80.13,63,90,8.37,2021-10-22
529,Marsaxlokk,MT,35.8419,14.5431,77.07,78,20,13.8,2021-10-22
530,Tasiilaq,GL,65.6145,-37.6368,30.79,67,100,4.34,2021-10-22
531,Abu Kamal,SY,34.4506,40.9171,82.0,17,0,8.84,2021-10-22
532,Virginia Beach,US,36.8529,-75.978,67.03,86,63,1.01,2021-10-22
533,Barentu,ER,15.1139,37.5928,93.79,16,9,7.43,2021-10-22
534,Montgomery,US,39.1501,-77.1997,61.23,76,1,5.01,2021-10-22
535,San Vicente,AR,-26.6167,-54.1333,72.37,49,0,3.2,2021-10-22
536,Gwadar,PK,25.1216,62.3254,82.11,66,0,15.79,2021-10-22
537,Hay River,CA,60.8156,-115.7999,33.78,75,20,5.75,2021-10-22
538,Mount Darwin,ZW,-16.7725,31.5838,94.3,18,6,4.38,2021-10-22
539,Boundiali,CI,9.5217,-6.4869,87.46,58,75,2.26,2021-10-22
540,Dāmghān,IR,36.1683,54.348,61.03,25,0,3.02,2021-10-22
541,Santa Maria,BR,-29.6842,-53.8069,61.9,88,75,9.22,2021-10-22
542,Kota Bharu,MY,6.1333,102.2386,82.35,88,20,5.01,2021-10-22
543,Tarko-Sale,RU,64.9225,77.785,32.2,100,100,8.46,2021-10-22
544,Cabrobó,BR,-8.5142,-39.31,81.55,60,84,3.09,2021-10-22
545,Ipixuna,BR,-1.7625,-48.8043,80.55,65,88,4.32,2021-10-22
546,Altay,CN,47.8667,88.1167,44.19,46,65,7.49,2021-10-22
547,Voh,NC,-20.9667,164.7,69.93,89,8,1.7,2021-10-22
548,Miracema do Tocantins,BR,-9.5618,-48.3967,80.76,72,100,4.32,2021-10-22
549,Inta,RU,66.0317,60.1659,30.43,76,98,7.65,2021-10-22
550,Palana,RU,59.1167,159.9667,22.41,94,100,1.9,2021-10-22
551,Pavlovka,RU,52.6897,47.1405,57.47,58,98,19.44,2021-10-22
552,Itoman,JP,26.1247,127.6694,73.42,60,75,20.71,2021-10-22
553,Maralal,KE,1.0968,36.698,74.3,40,65,8.37,2021-10-22
554,Itupiranga,BR,-5.1347,-49.3267,73.72,88,100,0.4,2021-10-22
555,Narrabri,AU,-30.3167,149.7833,67.51,55,0,6.91,2021-10-22
556,Dhidhdhoo,MV,6.8833,73.1,81.84,77,80,9.17,2021-10-22
557,Pontianak,ID,-0.0333,109.3333,78.78,88,20,4.61,2021-10-22
558,Big Spring,US,32.2504,-101.4787,65.68,92,1,1.99,2021-10-22
559,Zaraza,VE,9.3503,-65.3245,76.66,81,100,2.93,2021-10-22
560,Esna,EG,25.2934,32.554,87.82,17,0,16.49,2021-10-22
561,Hailey,US,43.5196,-114.3153,44.46,70,40,6.91,2021-10-22
562,Abū Zabad,SD,12.35,29.25,95.65,28,92,1.21,2021-10-22
563,Chimbote,PE,-9.0853,-78.5783,62.31,89,99,6.71,2021-10-22
564,Staroutkinsk,RU,57.2302,59.3348,42.6,97,100,11.54,2021-10-22
565,Yarmouth,US,41.7057,-70.2286,67.17,89,75,11.01,2021-10-22
566,Gujar Khan,PK,33.2558,73.3026,79.63,31,50,9.48,2021-10-22
567,Zaysan,KZ,47.4667,84.8667,36.64,86,100,10.4,2021-10-22
568,Barabinsk,RU,55.3571,78.357,38.71,53,87,15.95,2021-10-22
569,Rockhampton,AU,-23.3833,150.5,76.89,78,75,8.05,2021-10-22
